id,niveau,matiere,notion,enonce,reponse_attendue,statut_validation,source,motif_rejet,cree_le
19,college,maths,les priorites operatoires,Calcule : 8 + 3 × 2,14,valide_main,mistral_genere_20260722_priorites,,2026-07-22 10:14:23.24223+00
20,college,maths,les priorites operatoires,Calcule : 15 - 4 × 3,3,valide_main,mistral_genere_20260722_priorites,,2026-07-22 10:14:23.277587+00
22,college,maths,les priorites operatoires,Calcule : (12 - 5) × 3 + 8 ÷ 2,25,valide_main,mistral_genere_20260722_priorites,,2026-07-22 10:14:23.351021+00
23,college,maths,les priorites operatoires,Calcule : 10 + 6 × (4 - 2) - 15 ÷ 3,17,valide_main,mistral_genere_20260722_priorites,,2026-07-22 10:14:23.38006+00
24,college,maths,les priorites operatoires,Calcule : 3 + 4 × 2,11,valide_main,mistral_genere_20260722_priorites,,2026-07-22 10:14:26.317593+00
25,college,maths,les priorites operatoires,Calcule : (5 + 2) × 3,21,valide_main,mistral_genere_20260722_priorites,,2026-07-22 10:14:26.350709+00
26,college,maths,les priorites operatoires,Calcule : 8 - 3 × (4 + 1),-7,valide_main,mistral_genere_20260722_priorites,,2026-07-22 10:14:26.380718+00
27,college,maths,les priorites operatoires,Calcule : (7 - 2) × (6 + 3) - 5,40,valide_main,mistral_genere_20260722_priorites,,2026-07-22 10:14:26.417204+00
29,college,maths,les priorites operatoires,Calcule : 3 + 2 × 4,11,valide_main,mistral_genere_20260722_priorites,,2026-07-22 10:14:28.778247+00
30,college,maths,les priorites operatoires,Calcule : (5 + 3) × 2,16,valide_main,mistral_genere_20260722_priorites,,2026-07-22 10:14:28.801646+00
31,college,maths,les priorites operatoires,Calcule : 2 × 3²,18,valide_main,mistral_genere_20260722_priorites,,2026-07-22 10:14:28.828639+00
32,college,maths,les priorites operatoires,Calcule : (4 + 1) × 2²,20,valide_main,mistral_genere_20260722_priorites,,2026-07-22 10:14:28.848252+00
33,college,maths,les priorites operatoires,Calcule : 3 × (2 + 5)² - 4,143,valide_main,mistral_genere_20260722_priorites,,2026-07-22 10:14:28.872182+00
43,college,maths,brevet - proportionnalité et pourcentages,"Sur une carte routière à l'échelle 1/250 000, la distance entre deux villes est représentée par un segment de 8,4 cm. Quelle est la distance réelle, en kilomètres, entre ces deux villes ?",21,valide_main,mistral_genere_20260722_brevet_p1,,2026-07-22 13:00:51.053123+00
44,college,maths,brevet - proportionnalité et pourcentages,"Un magasin augmente le prix d'un article de 20% puis applique une réduction de 10% sur le nouveau prix. Si le prix initial était de 120 €, quel est le prix final en euros ?",129.6,valide_main,mistral_genere_20260722_brevet_p1,,2026-07-22 13:00:51.092876+00
47,college,maths,brevet - probabilités,"Une urne contient 5 boules rouges, 3 boules bleues et 2 boules vertes, toutes indiscernables au toucher. On tire une boule au hasard. Quelle est la probabilité d'obtenir une boule bleue ?",3/10,valide_main,mistral_genere_20260722_brevet_p1,,2026-07-22 13:00:54.177652+00
49,college,maths,brevet - probabilités,Un jeu de 32 cartes est mélangé. On tire une carte au hasard. Quelle est la probabilité de tirer un roi ou un cœur (en comptant le roi de cœur une seule fois) ?,11/32,valide_main,mistral_genere_20260722_brevet_p1,,2026-07-22 13:00:54.248632+00
51,college,maths,brevet - statistiques,"Lors d'un contrôle de maths, les notes obtenues par les 12 élèves d'une classe sont : 12 ; 8 ; 15 ; 10 ; 14 ; 9 ; 11 ; 13 ; 7 ; 10 ; 12 ; 14. Quelle est la note moyenne de cette classe ?","11,25",valide_main,mistral_genere_20260722_brevet_p1,,2026-07-22 13:00:58.092785+00
52,college,maths,brevet - statistiques,Un magasin enregistre le nombre de clients par jour pendant une semaine : 45 ; 38 ; 52 ; 41 ; 49 ; 35 ; 47. Quelle est la médiane de cette série de données ?,45,valide_main,mistral_genere_20260722_brevet_p1,,2026-07-22 13:00:58.112764+00
53,college,maths,brevet - statistiques,Un professeur relève les tailles (en cm) de 8 élèves : 158 ; 162 ; 155 ; 160 ; 157 ; 163 ; 159 ; 161. Calculer l'étendue de cette série.,8,valide_main,mistral_genere_20260722_brevet_p1,,2026-07-22 13:00:58.13364+00
55,college,maths,les fractions,Calcule la somme des fractions 3/5 et 7/10.,13/10,valide_main,mistral_genere_20260722_fractions,,2026-07-22 13:22:36.856561+00
56,college,maths,les fractions,Quelle est la différence entre 11/12 et 5/8 ?,7/24,valide_main,mistral_genere_20260722_fractions,,2026-07-22 13:22:36.89527+00
59,college,maths,les fractions,Calcule le produit de 4/9 par 3/8.,1/6,valide_main,mistral_genere_20260722_fractions,,2026-07-22 13:22:39.055518+00
60,college,maths,les fractions,Divise 7/12 par 14.,1/24,valide_main,mistral_genere_20260722_fractions,,2026-07-22 13:22:39.094122+00
63,college,maths,les fractions,Simplifie la fraction 18/24 pour obtenir sa forme irréductible.,3/4,valide_main,mistral_genere_20260722_fractions,,2026-07-22 13:22:40.650878+00
64,college,maths,les fractions,Quelle fraction irréductible est égale à 45/60 ?,3/4,valide_main,mistral_genere_20260722_fractions,,2026-07-22 13:22:40.683656+00
65,college,maths,les fractions,Trouve la forme simplifiée de 56/84.,2/3,valide_main,mistral_genere_20260722_fractions,,2026-07-22 13:22:40.708379+00
66,college,maths,les fractions,Simplifie au maximum la fraction 120/180.,2/3,valide_main,mistral_genere_20260722_fractions,,2026-07-22 13:22:40.748884+00
70,college,maths,les fractions,Un cycliste parcourt 3/5 d'un trajet en 2 heures. Il roule ensuite à la même vitesse pendant 45 minutes. Quelle fraction du trajet total a-t-il parcourue en 45 minutes ?,9/40,valide_main,mistral_genere_20260722_fractions,,2026-07-22 13:22:43.513142+00
75,primaire,maths,addition,Léa a 24 billes. Son frère lui donne 18 billes. Combien Léa a-t-elle de billes maintenant ?,42,valide_main,mistral_genere_20260723_primaire,,2026-07-23 11:47:24.325129+00
76,primaire,maths,addition,"Dans un panier, il y a 37 pommes. On ajoute 25 pommes. Combien y a-t-il de pommes dans le panier ?",62,valide_main,mistral_genere_20260723_primaire,,2026-07-23 11:47:24.366918+00
77,primaire,maths,multiplication,"Un gâteau coûte 12 €. Pour un anniversaire, on achète 3 gâteaux. Combien paie-t-on en tout ?",36,valide_main,mistral_genere_20260723_primaire,,2026-07-23 11:47:24.414069+00
78,primaire,maths,addition,Emma a 45 images. Elle en achète 27 de plus et son ami lui en offre 15. Combien Emma a-t-elle d'images maintenant ?,87,valide_main,mistral_genere_20260723_primaire,,2026-07-23 11:47:24.465658+00
79,primaire,maths,soustraction,Un livre a 128 pages. On en lit 35 pages le matin et 42 pages le soir. Combien de pages reste-t-il à lire ?,51,valide_main,mistral_genere_20260723_primaire,,2026-07-23 11:47:24.521086+00
80,primaire,maths,addition,Léo a 15 bonbons. Sa maman lui en donne encore 9. Combien Léo a-t-il de bonbons maintenant ?,24,valide_main,mistral_genere_20260723_primaire,,2026-07-23 11:47:24.576017+00
81,primaire,maths,addition,"Dans une boîte, il y a 22 crayons bleus et 17 crayons rouges. Combien y a-t-il de crayons en tout ?",39,valide_main,mistral_genere_20260723_primaire,,2026-07-23 11:47:24.61759+00
82,primaire,maths,addition,Milo a 38 billes. Il en gagne 12 à la récréation et 15 chez lui. Combien a-t-il de billes en tout ?,65,valide_main,mistral_genere_20260723_primaire,,2026-07-23 11:47:24.664527+00
83,primaire,maths,addition,Une école reçoit 45 livres pour la classe de CP et 36 livres pour la classe de CE1. Combien de livres l'école reçoit-elle en tout ?,81,valide_main,mistral_genere_20260723_primaire,,2026-07-23 11:47:24.715464+00
84,primaire,maths,soustraction,"Dans un magasin, il y a 123 paquets de pâtes. On en vend 37 le matin et 45 l'après-midi. Combien de paquets reste-t-il ?",41,valide_main,mistral_genere_20260723_primaire,,2026-07-23 11:47:24.769268+00
85,primaire,maths,soustraction,Léo a 42 images. Il en donne 17 à son ami. Combien d'images lui reste-t-il ?,25,valide_main,mistral_genere_20260723_primaire,,2026-07-23 11:47:24.827254+00
86,primaire,maths,soustraction,"Dans un sac, il y a 56 bonbons. On en mange 23. Combien de bonbons reste-t-il dans le sac ?",33,valide_main,mistral_genere_20260723_primaire,,2026-07-23 11:47:24.888659+00
87,primaire,maths,soustraction,Un dessin a 84 carreaux. On en colorie 37. Combien de carreaux ne sont pas encore coloriés ?,47,valide_main,mistral_genere_20260723_primaire,,2026-07-23 11:47:24.946407+00
88,primaire,maths,soustraction,Maman prépare 95 cookies. Elle en donne 28 à l'école et 36 à ses voisins. Combien de cookies reste-t-il ?,31,valide_main,mistral_genere_20260723_primaire,,2026-07-23 11:47:24.996011+00
89,primaire,maths,soustraction,Un livre a 132 pages. On en lit 45 le lundi et 38 le mardi. Combien de pages reste-t-il à lire ?,49,valide_main,mistral_genere_20260723_primaire,,2026-07-23 11:47:25.052467+00
90,primaire,maths,soustraction,"Léo a 32 billes au début de la récréation. Pendant la pause, il en perd 7 en jouant. Combien de billes a-t-il maintenant ?",25,valide_main,mistral_genere_20260723_primaire,,2026-07-23 11:47:25.108626+00
91,primaire,maths,soustraction,Maman a acheté 45 bonbons pour les enfants. Elle en donne 12 à Emma et 9 à Lucas. Combien de bonbons reste-t-il dans le sachet ?,24,valide_main,mistral_genere_20260723_primaire,,2026-07-23 11:47:25.165384+00
92,primaire,maths,soustraction,Un album photo a 64 photos. On en retire 18 photos pour les mettre dans un autre album. Combien de photos reste-t-il dans le premier album ?,46,valide_main,mistral_genere_20260723_primaire,,2026-07-23 11:47:25.215382+00
93,primaire,maths,soustraction,"Pour un goûter, on prépare 75 parts de gâteau. Les enfants en mangent 23 à 16h et 19 à 18h. Combien de parts reste-t-il ?",33,valide_main,mistral_genere_20260723_primaire,,2026-07-23 11:47:25.265064+00
94,primaire,maths,soustraction,Un magasin a 120 crayons dans un tiroir. On en vend 34 le matin et 28 l'après-midi. Combien de crayons reste-t-il dans le tiroir ?,58,valide_main,mistral_genere_20260723_primaire,,2026-07-23 11:47:25.318022+00
95,primaire,maths,multiplication,"Léa a 6 sachets de bonbons. Dans chaque sachet, il y a 7 bonbons. Combien Léa a-t-elle de bonbons en tout ?",42,valide_main,mistral_genere_20260723_primaire,,2026-07-23 11:47:25.382084+00
96,primaire,maths,multiplication,Un jardinier plante 5 rangées de fleurs. Chaque rangée a 8 fleurs. Combien de fleurs y a-t-il dans le jardin ?,40,valide_main,mistral_genere_20260723_primaire,,2026-07-23 11:47:25.442837+00
97,primaire,maths,multiplication,"Un boulanger prépare 4 plateaux de petits pains. Sur chaque plateau, il y a 12 petits pains. Combien de petits pains a-t-il préparés ?",48,valide_main,mistral_genere_20260723_primaire,,2026-07-23 11:47:25.499464+00
98,primaire,maths,multiplication,"Pour une fête, on achète 7 boîtes de ballons. Chaque boîte contient 15 ballons. Combien de ballons y a-t-il en tout ?",105,valide_main,mistral_genere_20260723_primaire,,2026-07-23 11:47:25.541555+00
99,primaire,maths,multiplication,Un libraire reçoit 8 cartons de livres. Chaque carton contient 25 livres. Combien de livres le libraire a-t-il reçus ?,200,valide_main,mistral_genere_20260723_primaire,,2026-07-23 11:47:25.585248+00
100,primaire,maths,multiplication,"Léa a 6 paquets de crayons. Dans chaque paquet, il y a 9 crayons. Combien Léa a-t-elle de crayons en tout ?",54,valide_main,mistral_genere_20260723_primaire,,2026-07-23 11:47:25.628173+00
101,primaire,maths,multiplication,Un fermier range 5 cageots de pommes. Chaque cageot contient 12 pommes. Combien de pommes y a-t-il dans les cageots ?,60,valide_main,mistral_genere_20260723_primaire,,2026-07-23 11:47:25.669052+00
103,primaire,maths,multiplication,"Un marchand de légumes a 7 plateaux de fraises. Sur chaque plateau, il y a 15 fraises. Combien de fraises y a-t-il sur tous les plateaux ?",105,valide_main,mistral_genere_20260723_primaire,,2026-07-23 11:47:25.767544+00
104,primaire,maths,multiplication,Une école commande 9 packs de gommettes. Chaque pack contient 20 gommettes. Combien de gommettes l'école reçoit-elle ?,180,valide_main,mistral_genere_20260723_primaire,,2026-07-23 11:47:25.818852+00
105,primaire,maths,division exacte,"Dans une boîte, il y a 36 crayons. La maîtresse veut les partager équitablement entre 4 élèves. Combien de crayons chaque élève aura-t-il ?",9,valide_main,mistral_genere_20260723_primaire,,2026-07-23 11:47:25.872901+00
106,primaire,maths,division exacte,Un pâtissier a 48 fraises. Il veut les répartir dans 6 petits bols pour une dégustation. Combien de fraises met-il dans chaque bol ?,8,valide_main,mistral_genere_20260723_primaire,,2026-07-23 11:47:25.923254+00
107,primaire,maths,division exacte,"Pour un jeu, on a 63 jetons à distribuer à 7 joueurs. Combien de jetons chaque joueur recevra-t-il ?",9,valide_main,mistral_genere_20260723_primaire,,2026-07-23 11:47:25.97304+00
108,primaire,maths,division exacte,Un fermier a ramassé 72 pommes. Il les range dans des sacs de 8 pommes chacun. Combien de sacs remplira-t-il ?,9,valide_main,mistral_genere_20260723_primaire,,2026-07-23 11:47:26.018459+00
109,primaire,maths,division exacte,Une école a 108 élèves. Les professeurs veulent former des équipes de 9 élèves pour un tournoi. Combien d'équipes pourront-ils former ?,12,valide_main,mistral_genere_20260723_primaire,,2026-07-23 11:47:26.064659+00
110,primaire,maths,division exacte,Maman a 18 bonbons à partager équitablement entre ses 3 enfants. Combien chaque enfant recevra-t-il de bonbons ?,6,valide_main,mistral_genere_20260723_primaire,,2026-07-23 11:47:26.122035+00
111,primaire,maths,division exacte,"Dans une classe, il y a 24 élèves. Le maître veut les mettre en groupes de 4 pour un jeu. Combien de groupes pourront être formés ?",6,valide_main,mistral_genere_20260723_primaire,,2026-07-23 11:47:26.17468+00
112,primaire,maths,division exacte,Un boulanger a 35 petits pains à ranger dans des sachets. Il veut mettre 5 petits pains dans chaque sachet. Combien de sachets pourra-t-il remplir ?,7,valide_main,mistral_genere_20260723_primaire,,2026-07-23 11:47:26.226761+00
113,primaire,maths,division exacte,Léa a 42 images à coller dans son album. Chaque page de l'album peut contenir 6 images. Combien de pages complètes pourra-t-elle remplir ?,7,valide_main,mistral_genere_20260723_primaire,,2026-07-23 11:47:26.272372+00
114,primaire,maths,division exacte,Un fermier a récolté 56 œufs dans son poulailler. Il les range dans des boîtes qui contiennent chacune 8 œufs. Combien de boîtes remplira-t-il ?,7,valide_main,mistral_genere_20260723_primaire,,2026-07-23 11:47:26.324861+00
115,primaire,maths,multiplication,"Dans un magasin, il y a 5 rayons. Sur chaque rayon, il y a 7 boîtes de crayons. Dans chaque boîte, il y a 4 crayons. Combien de crayons y a-t-il en tout ?",140,valide_main,mistral_genere_20260723_primaire,,2026-07-23 11:47:26.379226+00
116,primaire,maths,priorites operatoires,"Pour une fête, on achète 3 paquets de ballons. Chaque paquet contient 10 ballons rouges et 8 ballons bleus. Combien de ballons y a-t-il en tout ?",54,valide_main,mistral_genere_20260723_primaire,,2026-07-23 11:47:26.434492+00
117,primaire,maths,priorites operatoires,"Un jardinier plante 6 rangées de fleurs. Dans chaque rangée, il y a 8 fleurs jaunes et 5 fleurs rouges. Combien de fleurs a-t-il plantées au total ?",78,valide_main,mistral_genere_20260723_primaire,,2026-07-23 11:47:26.506982+00
118,primaire,maths,priorites operatoires,"Pour un goûter, on prépare 4 plateaux. Sur chaque plateau, il y a 9 gâteaux au chocolat et 7 gâteaux aux fraises. Combien de gâteaux y a-t-il en tout ?",64,valide_main,mistral_genere_20260723_primaire,,2026-07-23 11:47:26.554323+00
119,primaire,maths,priorites operatoires,"Un libraire a 8 boîtes de livres. Dans chaque boîte, il y a 12 livres de contes et 6 livres d'aventures. Combien de livres y a-t-il en tout ?",144,valide_main,mistral_genere_20260723_primaire,,2026-07-23 11:47:26.59725+00
120,primaire,maths,priorites operatoires,"Dans une boîte, il y a 8 paquets de crayons. Chaque paquet contient 5 crayons rouges et 3 crayons bleus. Combien y a-t-il de crayons en tout dans la boîte ?",64,valide_main,mistral_genere_20260723_primaire,,2026-07-23 11:47:26.649782+00
121,primaire,maths,priorites operatoires,"Pour décorer la classe, on accroche 3 guirlandes. Chaque guirlande a 7 étoiles jaunes et 4 étoiles rouges. Combien d'étoiles y a-t-il en tout ?",33,valide_main,mistral_genere_20260723_primaire,,2026-07-23 11:47:26.696355+00
122,primaire,maths,priorites operatoires,"Un boulanger prépare 5 plateaux de gâteaux. Sur chaque plateau, il y a 6 tartelettes aux pommes et 4 tartelettes aux fraises. Combien de tartelettes y a-t-il en tout ?",50,valide_main,mistral_genere_20260723_primaire,,2026-07-23 11:47:26.744143+00
123,primaire,maths,priorites operatoires,"Léa a 4 boîtes de bonbons. Dans chaque boîte, il y a 12 bonbons à la fraise et 8 bonbons au citron. Combien de bonbons Léa a-t-elle en tout ?",80,valide_main,mistral_genere_20260723_primaire,,2026-07-23 11:47:26.791886+00
124,primaire,maths,priorites operatoires,"Un magasin a 6 étagères. Sur chaque étagère, on place 9 boîtes de céréales et 5 boîtes de biscuits. Combien de boîtes y a-t-il en tout sur les étagères ?",84,valide_main,mistral_genere_20260723_primaire,,2026-07-23 11:47:26.838634+00
125,primaire,maths,soustraction,Un magasin a reçu 256 crayons. On en vend 78 le premier jour et 94 le deuxième jour. Combien de crayons reste-t-il dans le magasin ?,84,valide_main,mistral_genere_20260723_primaire,,2026-07-23 11:57:48.431608+00
126,primaire,maths,soustraction,"Pour une fête, on prépare 56 gâteaux. On en mange 18 à midi et 24 le soir. Combien de gâteaux reste-t-il ?",14,valide_main,mistral_genere_20260723_primaire,,2026-07-23 11:57:48.479331+00
127,primaire,maths,soustraction,"Dans un bocal, il y a 250 perles. On en utilise 76 pour faire un collier et 93 pour un bracelet. Combien de perles reste-t-il dans le bocal ?",81,valide_main,mistral_genere_20260723_primaire,,2026-07-23 11:57:48.516098+00
128,primaire,maths,addition,"Dans un parc, il y a 250 oiseaux ce matin. À midi, 42 oiseaux s'envolent et 37 nouveaux arrivent. Combien d'oiseaux y a-t-il dans le parc cet après-midi ?",245,valide_main,mistral_genere_20260723_primaire,,2026-07-23 11:57:48.555147+00
129,primaire,maths,multiplication,Une marchande vend des œufs par boîtes de 10. Elle vend 9 boîtes. Combien d’œufs a-t-elle vendus ?,90,valide_main,mistral_genere_20260723_primaire,,2026-07-23 11:57:48.60447+00
130,primaire,maths,multiplication,"Un pâtissier prépare 12 boîtes de macarons. Dans chaque boîte, il met 25 macarons. Combien de macarons y a-t-il en tout ?",300,valide_main,mistral_genere_20260723_primaire,,2026-07-23 11:57:48.665563+00
131,primaire,maths,division exacte,Un libraire a 144 livres à ranger sur des étagères. Chaque étagère peut contenir 12 livres. Combien d'étagères complètes pourra-t-il remplir ?,12,valide_main,mistral_genere_20260723_primaire,,2026-07-23 11:57:48.728739+00
132,primaire,maths,division exacte,"Pour une fête d'anniversaire, on a préparé 72 ballons à accrocher. On veut les répartir en 9 paquets identiques. Combien de ballons y aura-t-il dans chaque paquet ?",8,valide_main,mistral_genere_20260723_primaire,,2026-07-23 11:57:48.797894+00
134,primaire,maths,priorites operatoires,"Pour un spectacle, on prépare 7 caisses de décorations. Dans chaque caisse, il y a 15 rubans rouges et 9 rubans bleus. Combien de rubans y a-t-il en tout dans les caisses ?",168,valide_main,mistral_genere_20260723_primaire,,2026-07-23 11:57:48.949799+00
